"DR. D. Y. PATIL INSTITUTE OF TECHNOLOGY (DYPIT),",,,Academic Year,
,,,2025–26,
"PIMPRI, PUNE",,,,
,,,NEP 2020 & SPPU,
,,,Pattern,
Aﬃliated to Savitribai Phule Pune University (SPPU) | Approved by AICTE & DTE Maharashtra,,,,
"OFFICIAL BRANCH SANCTIONED INTAKE (TOTAL: 1,170 SEATS)",,,DTE Code: 6207,
,Undergraduate Engineering Department (B.E. / B.Tech),,Sanctioned Intake,Curriculum Structure Status
,,,SE (2024 NEP) | TE & BE (2019,
,1. Computer Engineering,,240 Seats,
,,,Pattern),
,,,SE (2024 NEP) | TE & BE (2019,
,2. Artiﬁcial Intelligence & Data Science (AI & DS),,180 Seats,
,,,Pattern),
,,,SE (2024 NEP) | TE & BE (2019,
,3. Electronics & Telecommunication Engineering (E&TC),,180 Seats,
,,,Pattern),
,,,SE (2024 NEP) | TE & BE (2019,
,4. Mechanical Engineering,,180 Seats,
,,,Pattern),
,,,SE (2024 NEP) | TE & BE (2019,
,5. Civil Engineering,,120 Seats,
,,,Pattern),
,,,SE (2024 NEP) | TE & BE (2019,
,6. Electrical Engineering,,60 Seats,
,,,Pattern),
,,,SE (2024 NEP) | TE & BE (2019,
,7. Information Technology (IT),,60 Seats,
,,,Pattern),
,,,SE (2024 NEP) | TE & BE (2019,
,8. Electronics & Computer Engineering (ECE),,60 Seats,
,,,Pattern),
,,,SE (2024 NEP) | TE & BE (2019,
,9. Automation & Robotics Engineering (A&R),,60 Seats,
,,,Pattern),
,,,SE (2024 NEP) | TE & BE (2019,
,10. Instrumentation & Control Engineering,,30 Seats,
,,,Pattern),
1. Computer Engineering,,,240 Seats,
Semester III (SE),NEP 2024 Pattern,Semester IV (SE),NEP 2024 Pattern,
•,Discrete Mathematics,•,Engineering Mathematics III / Statistics,
•,Data Structures and Algorithms,•,Database Management Systems (DBMS),
•,Object Oriented Programming,•,Computer Organization & Architecture,
•,Digital Electronics & Logic Design (MDM),•,Microprocessor & Interfacing (MDM),
•,Data Structures & OOP Laboratory,•,Database Management Systems Lab,
•,Entrepreneurship Development & CEP,•,Skill Development Lab & UHV,
Semester V (TE),SPPU Course Pattern,Semester VI (TE),SPPU Course Pattern,
•,Database Management Systems & Web Tech,•,Data Science and Big Data Analytics,
•,Theory of Computation (Automata),•,Web Technology & Frameworks,
•,Systems Programming & Operating System,•,Artiﬁcial Intelligence,
•,Computer Networks and Security,•,Elective II (Cloud Computing / Embedded Systems),
•,Elective I (Cyber Security / HCI / Software Test),•,Data Science & AI Laboratory,
•,CN Lab & Seminar / Mini-Project,•,Internship Assessment & Project Stage I,
"Dr. D. Y. Patil Institute of Technology, Pimpri | Savitribai Phule Pune University",,,Page 1 of 5,
1. Computer Engineering (Continued — Final Year / B.E.),,,Sem VII & VIII
Semester VII (BE - 4th Year),,Semester VIII (BE - 4th Year),
•,Design and Analysis of Algorithms,•,High Performance Computing
•,Machine Learning & Deep Learning Fundamentals,•,Elective V (Deep Learning / Social Media Analytics)
•,Elective III (Blockchain / High Perf Computing / Quantum),•,Elective VI (Smart City Architectures / Edge Computing)
•,Elective IV (Information Security / Mobile Computing),•,Project Work Stage II (Major Project Defense)
•,Laboratory Practice III & IV,•,Full Semester Industry Internship / Capstone
•,Project Work Stage I (Industry Oriented),,
2. Artiﬁcial Intelligence & Data Science (AI & DS),,,180 Seats
Semester III (SE),NEP 2024 Pattern,Semester IV (SE),NEP 2024 Pattern
•,Data Structures,•,Database Management Systems
•,Foundations of Artiﬁcial Intelligence,•,Data Science Essentials
•,Operating Systems,•,Probability & Mathematical Statistics
•,Digital Electronics & Logic Design (MDM),•,Object Oriented Programming (OOP - MDM)
•,AI and Data Structures Practical Lab,•,Data Science & DBMS Laboratory
•,Universal Human Values (VEC) & CEP,•,Tech Commercialization & Startup Dev
Semester V (TE),SPPU Course Pattern,Semester VI (TE),SPPU Course Pattern
•,Computer Networks & Cloud Infrastructure,•,Deep Learning Architectures
•,Machine Learning Algorithms,•,Big Data Analytics & Spark Ecosystem
•,Information Retrieval & Web Mining,•,Natural Language Processing (NLP)
•,Elective I (Soft Computing / Computational Biology),•,Elective II (Computer Vision / Robotics AI)
•,Machine Learning Lab & Network Lab,•,Deep Learning & Big Data Analytics Lab
•,Community / Industrial Mini Project,•,Internship / Industry Case Study Review
Semester VII (BE - 4th Year),,Semester VIII (BE - 4th Year),
•,Reinforcement Learning & Autonomous Agents,•,Scalable Data Engineering & MLOps
•,"Data Ethics, Governance and Privacy",•,Elective V (Quantum Computing AI / Time Series)
•,Elective III (Predictive Analytics / Cognitive Systems),•,Open Elective (FinTech Analytics / Digital Twins)
•,Elective IV (Generative AI / Large Language Models),•,Major Project Stage II & Final Dissertation
•,AI-DS Domain Laboratory & Project Stage I,•,Semester-long Industrial Internship
"Dr. D. Y. Patil Institute of Technology, Pimpri | Savitribai Phule Pune University",,,Page 2 of 5
3. Information Technology (IT),,,60 Seats
Semester III (SE),NEP 2024 Pattern,Semester IV (SE),NEP 2024 Pattern
•,Data Structures & Algorithms,•,Database Management Systems
•,Object Oriented Programming,•,Computer Graphics & User Interfaces
•,Basics of Computer Networks,•,Probability and Statistics
•,Digital Electronics & Logic Design (MDM),•,Processor Architecture & Interfacing
•,Data Structures & OOP Lab,•,DBMS & Computer Graphics Lab
•,Principles of Management & CEP,•,VSE: Digital Marketing & Social Media
Semester V (TE),SPPU Course Pattern,Semester VI (TE),SPPU Course Pattern
•,Theory of Computation,•,Computer Network Security
•,Operating Systems Design,•,Data Science and Big Data Analytics
•,Human Computer Interaction (HCI),•,Web Application Development
•,Elective I (Design Thinking / Mobile Dev),•,Elective II (Cloud Services & Virtualization)
•,Software Engineering & OS Lab,•,Network Security & Web Dev Lab
•,Mini Project (Full-Stack / App Dev),•,Internship / Project Stage I
Semester VII (BE - 4th Year),,Semester VIII (BE - 4th Year),
•,Information & Storage Management,•,Distributed Systems & Security
•,Software Modeling and Architecture,•,Elective V (Social Media Analytics / IoT)
•,Elective III (DevOps / Blockchain Tech),•,Elective VI (Enterprise Resource Planning)
•,Elective IV (Deep Learning Applications),•,Industry Internship / Capstone Project Stage II
•,Project Stage I & Cloud Computing Lab,,
4. Electronics & Telecommunication Engineering (E&TC),,,180 Seats
Semester III (SE),NEP 2024 Pattern,Semester IV (SE),NEP 2024 Pattern
•,Electronic Circuits & Simulation,•,Digital Communication Principles
•,Engineering Mathematics III,•,Signals and Systems
•,Analog Communication Engineering,•,Digital Circuits & HDL
•,MDM: Data Structures & Algorithms,•,MDM: Object Oriented Programming
•,Electronic Circuits & Communication Lab,•,Digital Comm & Digital Circuits Lab
•,Engineering Economics & Universal Human Values,•,VSE: Electronic Skill Development Lab
Semester V (TE),SPPU Course Pattern,Semester VI (TE),SPPU Course Pattern
•,Digital Signal Processing (DSP),•,Cellular Networks & Mobile Communication
•,Electromagnetic Field Theory & Wave Guides,•,Project Management & Business Economics
•,Microcontrollers & Applications,•,VLSI Design & Technology
•,Elective I (Digital Image Processing / MEMS),•,Elective II (Automotive Electronics / PLC-SCADA)
•,DSP & Microcontroller Lab,•,VLSI & Cellular Network Lab
•,Mini Project using IoT / Embedded Systems,•,Internship / Project Stage I
"Dr. D. Y. Patil Institute of Technology, Pimpri | Savitribai Phule Pune University",,,Page 3 of 5
4. Electronics & Telecommunication (Continued — Final Year / B.E.),,,Sem VII & VIII
Semester VII (BE - 4th Year),,Semester VIII (BE - 4th Year),
•,Radiation & Microwave Techniques,•,Satellite & Radar Communication
•,Fiber Optic Communication Systems,•,Elective V (Smart Antennas / Software Deﬁned Radio)
•,Elective III (5G Communication / Biomedical Signal),•,Elective VI (Wireless Sensor Networks / Robotics)
•,Elective IV (Embedded RTOS / Deep Learning),•,Industry Internship / Capstone Project Stage II
•,Microwave & Optical Lab | Project Stage I,,
5. Mechanical Engineering,,,180 Seats
Semester III (SE),NEP 2024 Pattern,Semester IV (SE),NEP 2024 Pattern
•,Engineering Thermodynamics,•,Theory of Machines I (Kinematics)
•,Fluid Mechanics and Hydraulic Machinery,•,Applied Thermodynamics & Heat Engines
•,Manufacturing Processes & Machining Science,•,Strength of Materials (Solid Mechanics)
•,Engineering Mathematics III / Materials Science,•,Machine Drawing and Geometric Dimensioning
•,Fluid Mechanics & Manufacturing Lab,•,Materials Testing & Dynamics Lab
•,Computer Aided Drafting (CAD) Lab,•,VSE: Machine Tool Workshop Operations
Semester V (TE),SPPU Course Pattern,Semester VI (TE),SPPU Course Pattern
•,Heat Transfer Analysis & Thermal Systems,•,Design of Machine Elements II
•,Design of Machine Elements I,•,Refrigeration and Air Conditioning (RAC)
•,Mechatronics Systems & Actuators,•,Computer Integrated Manufacturing & Automation
•,Elective I (Turbo Machines / Composite Materials),•,Elective II (Finite Element Analysis - FEA / CFD)
•,Heat Transfer & Mechatronics Lab,•,RAC & Finite Element Analysis Lab
•,Mini Project on Mechanical System Design,•,Internship & Project Stage I Review
Semester VII (BE - 4th Year),,Semester VIII (BE - 4th Year),
•,Hydraulics and Pneumatics Systems,•,Energy Audit and Thermal Management
•,CAD/CAM and Industrial Automation,•,Elective V (Electric & Hybrid Vehicles / Robotics)
•,Elective III (Automotive Engineering / Additive Mfg),•,Elective VI (Industrial Operations Research)
•,Elective IV (Power Plant Engineering / Reliability),•,Major Project Stage II / Industry Capstone
•,CAD/CAM Lab & Project Stage I,,
6. Civil Engineering,,,120 Seats
Semester III & IV (SE),Core Track,Semester V & VI (TE),Core Track
•,Building Technology and Architectural Planning,•,Hydrology & Water Resources Engineering
•,Mechanics of Structures & Fluid Mechanics,•,Design of Reinforced Concrete Structures (RCC)
•,"Surveying Principles, Fieldwork & Advanced Surveying",•,Environmental Engineering & Wastewater Treatment
•,Concrete Technology & Structural Analysis,•,Geotechnical Engineering & Foundation Design
•,Surveying Project & Geotechnical Engineering Lab,•,Elective I & II (Project Management / Advanced Survey)
"Dr. D. Y. Patil Institute of Technology, Pimpri | Savitribai Phule Pune University",,,Page 4 of 5
6. Civil Engineering (Final Year / B.E.),,,Sem VII & VIII
Semester VII (BE - 4th Year),,Semester VIII (BE - 4th Year),
•,Design of Steel Structures (IS 800 standards),•,Dams & Hydraulic Engineering Structures
•,"Quantity Surveying, Contracts & Tenders",•,Elective V (Urban Planning & Smart Infrastructure)
•,Elective III (Earthquake Engineering / Transportation),•,Elective VI (Construction Management / Bridge Engg)
•,Elective IV (Green Building / Remote Sensing & GIS),•,Project Stage II / Industry Site Internship
•,Structural Modeling Lab & Project Stage I,,
7. Electrical Engineering,,,60 Seats
SE: Semester III & IV,,TE & BE: Semester V to VIII,
•,Power Generation Systems & Network Analysis,•,"Power System Operation, Control & Protection"
•,Analog & Digital Electronics | Power Electronics,•,Control System Engineering & Microcontroller Apps
•,Electrical Machines I (DC Machines & Transformers),•,High Voltage Engineering & Renewable Energy Sources
•,Electrical Machines II (AC Induction & Synchronous),•,"Electives: EV Drive Systems, Smart Grid, Power Quality"
•,Numerical Methods & Computer Programming,•,"PLC, SCADA, Switchgear Labs & Capstone Projects"
8. Electronics and Computer Engineering (ECE),,,60 Seats
SE: Semester III & IV,,TE & BE: Semester V to VIII,
•,Electronic Devices & Circuits | Signals & Systems,•,Computer Networks & Cyber Physical Systems
•,Data Structures and Algorithms,•,"Embedded Linux, RTOS & IoT Architecture"
•,Digital Logic Design & Microprocessor Systems,•,"VLSI System Design, Deep Learning & Edge AI"
•,Database Management & Object Oriented Programming,•,"Electives: Automotive Networks, SoC Design, Robotics"
•,Hardware Description Languages & Embedded C Lab,•,Hardware-Software Co-Design Labs & Industry Projects
9. Automation & Robotics,60 Seats,10. Instrumentation Engineering,30 Seats
Sem III to VIII Roadmap,,Sem III to VIII Roadmap,
•,"SE: Kinematics of Robots, Sensors & Actuators",•,"SE: Sensors & Transducers, Industrial Measurement"
•,SE: Industrial Electronics & Control Theory,•,"SE: Circuit Theory, Analog & Digital Signal Cond."
•,"TE: Robot Dynamics, Trajectory & Robot Vision",•,TE: Process Dynamics and Control Systems
•,"TE: PLC, SCADA, DCS & Industrial Fieldbuses",•,TE: Embedded Instrumentation & Biomedical Apps
•,BE: Autonomous Navigation & ROS (Robot OS),•,"BE: Process Automation Systems, Safety Instrumented"
•,"BE: AI in Robotics, Collaborative Cobots & Project",•,"BE: Smart Sensors, Industrial IIoT & Projects"
"Dr. D. Y. Patil Institute of Technology, Pimpri | Savitribai Phule Pune University",,,Page 5 of 5
