"DR. D. Y. PATIL INSTITUTE OF TECHNOLOGY (DYPIT), PIMPRI",,,
,,,Pattern 2025–26
,,,Common Foundation
First Year Engineering (FE) — Subject Directory (All Branches) | SPPU Pattern,,,
SEMESTER I,,,Common to All 10 Branches
Group A (Physics Group),Sem I,Group B (Chemistry Group),Sem I
THEORY COURSES,,THEORY COURSES,
•,Engineering Mathematics - I,•,Engineering Mathematics - I
•,Engineering Physics,•,Engineering Chemistry
•,Basic Electrical Engineering,•,Basic Electronics Engineering
•,Engineering Graphics,•,Engineering Mechanics
•,Programming and Problem Solving,•,Fundamentals of Programming Languages
LABORATORY & VALUE COURSES,,LABORATORY & VALUE COURSES,
•,Engineering Physics Laboratory,•,Engineering Chemistry Laboratory
•,Basic Electrical Engineering Laboratory,•,Basic Electronics Engineering Laboratory
•,Programming and Problem Solving Laboratory,•,Engineering Mechanics Laboratory
•,Professional Communication Skills,•,Manufacturing Practice Workshop
•,Indian Knowledge System (IKS),•,Design Thinking and Idea Lab
•,Co-Curricular Course - I,•,Co-Curricular Course - I
SEMESTER II,,,Group Swap Structure
Group A Divisions (Taking Group B Subjects),Sem II,Group B Divisions (Taking Group A Subjects),Sem II
THEORY COURSES,,THEORY COURSES,
•,Engineering Mathematics - II,•,Engineering Mathematics - II
•,Engineering Chemistry,•,Engineering Physics
•,Basic Electronics Engineering,•,Basic Electrical Engineering
•,Engineering Mechanics,•,Engineering Graphics
•,Fundamentals of Programming Languages,•,Programming and Problem Solving
LABORATORY & VALUE COURSES,,LABORATORY & VALUE COURSES,
•,Engineering Chemistry Laboratory,•,Engineering Physics Laboratory
•,Basic Electronics Engineering Laboratory,•,Basic Electrical Engineering Laboratory
•,Engineering Mechanics Laboratory,•,Programming and Problem Solving Laboratory
•,Manufacturing Practice Workshop,•,Professional Communication Skills
•,Design Thinking and Idea Lab,•,Indian Knowledge System (IKS)
•,Co-Curricular Course - II,•,Co-Curricular Course - II
"Dr. D. Y. Patil Institute of Technology, Pimpri | Savitribai Phule Pune University (SPPU)",,,Page 1 of 1
